handling,customs,shipment_count,risky_shipments,risk_rate,avg_profit_usd,total_profit_usd,severe_weather_share,handling_priority_rank
fragile,high,439,158,0.35990888382687924,58.47574377760877,25670.85151837025,0.09567198177676538,1
hazmat,high,120,43,0.35833333333333334,54.87001480677061,6584.401776812473,0.041666666666666664,2
hazmat,medium,304,99,0.3256578947368421,56.1862027517416,17080.605636529446,0.07236842105263158,3
fragile,medium,974,275,0.28234086242299794,55.89213712663632,54438.941561343774,0.08932238193018481,4
hazmat,low,196,51,0.2602040816326531,53.33349462361055,10453.364946227668,0.10204081632653061,5
standard,high,1444,364,0.2520775623268698,56.76898670977142,81974.41680890993,0.0796398891966759,6
fragile,low,803,200,0.24906600249066002,55.832879060640416,44833.80188569425,0.0784557907845579,7
standard,medium,3238,726,0.22421247683755405,55.50706127865009,179731.864420269,0.07782581840642372,8
standard,low,2482,404,0.16277195809830783,57.27712715692098,142161.82960347788,0.08138597904915391,9
